<?xml version="1.0" encoding="UTF-8" ?>
<!DOCTYPE struts PUBLIC
	"-//Apache Software Foundation//DTD Struts Configuration 2.3//EN"
	"http://struts.apache.org/dtds/struts-2.3.dtd">

<struts>

  <!--   <constant name="struts.enable.DynamicMethodInvocation" value="true" />
    <constant name="struts.devMode" value="false" />
 -->
    <package name="default" namespace="/" extends="struts-default">
		<action name="empAction" class="action.EmpAction">
			<result name="list">/index.jsp</result>
			<result name="add" type="redirectAction">/index.jsp</result>
			
			<result name="update" type="redirectAction">/index.jsp</result>
			<result name="delete" >/index.jsp</result>
			
		</action>		
    </package>
</struts>
