<?xml version="1.0" encoding="utf-8"?>
<!DOCTYPE hibernate-mapping PUBLIC "-//Hibernate/Hibernate Mapping DTD 3.0//EN"
"http://hibernate.sourceforge.net/hibernate-mapping-3.0.dtd">
<!-- 
    Mapping file autogenerated by MyEclipse Persistence Tools
-->
<hibernate-mapping>
    <class name="bean.Emp" table="emp" schema="dbo" catalog="userManger">
        <id name="eid" type="java.lang.Integer">
            <column name="eid" />
            <generator class="native"></generator>
        </id>
        <property name="ename" type="java.lang.String">
            <column name="ename" />
        </property>
        <property name="address" type="java.lang.String">
            <column name="address" />
        </property>
        <property name="email" type="java.lang.String">
            <column name="email" />
        </property>
        <property name="phone" type="java.lang.String">
            <column name="phone" />
        </property>
    </class>
</hibernate-mapping>
